Date,Event,NoShow
10/22/2023,,
10/23/2023,415 Screen,1
10/23/2023,1156-LDM-MRI,
10/23/2023,380-MRI Tech,
10/23/2023,922-MDD-NIC,
10/24/2023,415 Screen,1
10/24/2023,415 Screen,
10/24/2023,042-TMS,
10/24/2023,STAR-B,
10/24/2023,457-Phenotype,
10/25/2023,415 Screen,
10/25/2023,415 Screen,
10/25/2023,415 Screen,
10/25/2023,1066-Orexin,
10/25/2023,457-Phenotype,1
10/26/2023,415 Screen,
10/26/2023,415 Screen,1
10/26/2023,415 Screen,1
10/27/2023,415 Screen,
10/27/2023,415 Screen,
10/27/2023,1156-LDM-MRI,
10/27/2023,1156-LDM-BH,
10/28/2023,,
10/29/2023,,
10/30/2023,415 Screen,1
10/30/2023,1156-LDM-MRI,
10/30/2023,380-MRI Tech,
10/30/2023,922-MDD-NIC,
10/31/2023,415 Screen,1
10/31/2023,415 Screen,
10/31/2023,042-TMS,
10/31/2023,STAR-B,
10/31/2023,457-Phenotype,
11/01/2023,415 Screen,
11/01/2023,415 Screen,
11/01/2023,415 Screen,
11/01/2023,1066-Orexin,
11/01/2023,457-Phenotype,1
11/02/2023,415 Screen,
11/02/2023,415 Screen,1
11/02/2023,415 Screen,1
11/03/2023,415 Screen,
11/03/2023,415 Screen,
11/03/2023,1156-LDM-MRI,
11/03/2023,1156-LDM-BH,